code;name
orgeI;orgeI
fmais;fmais
bletI;bletI
colza;colza
favab;favab
bletILeg;bletILeg
lup;lup
couvMetF;couvMetF
gmais;gmais
