code;name
orgeI;orgeI
prairiep;prairiep
bletI;bletI
colza;colza
gmais;gmais
couvP;couvP
luzS;luzS
